id,first_name,last_name,catogory
1,Emily,Haynes,home-made cooking
2,Matthew,Walton,carpentry
3,David,Jones,moving
4,Tony,Johnson,carpentry
5,Eric,Johnson,gardening services
6,Sheena,Wilson,car washing
7,John,Benson,delivery
8,Karen,Mills,delivery
9,Donald,Frazier,home maintenance
10,Misty,Figueroa,moving
11,Travis,Reynolds,carpentry
12,Megan,Davis,cleaning
13,Tristan,Mcdaniel,home-made cooking
14,John,Rodgers,shipping
15,Katherine,Hutchinson,painting
16,Evan,Fowler,carpentry
17,Frank,Hernandez,shipping
18,Lisa,Patrick,home-made cooking
19,John,Day,install air conditioner
20,Juan,Chen,cleaning
21,Courtney,Smith,car washing
22,Virginia,Oneal,install air conditioner
23,Dennis,Christensen,home maintenance
24,William,Black,home-made cooking
25,Michelle,Miller,plumbing
26,Joanna,Bryant,shipping
27,Janet,Ortiz,plumbing
28,Jerry,Torres,home-made cooking
29,Denise,Mullen,moving
30,Leslie,Craig,home-made cooking
31,Tanya,Cook,gardening services
32,Erin,Jones,car washing
33,Alexandra,Patel,shipping
34,Sheila,Lewis,home-made cooking
35,Christopher,Green,delivery
36,Maria,Baker,moving
37,Julia,Davis,car washing
38,Ashley,Frank,home-made cooking
39,Glen,Rivas,gardening services
40,Jason,Morris,painting
41,Joseph,Cross,home maintenance
42,Pamela,Collins,electrical help
43,Timothy,Haas,home maintenance
44,Justin,Anderson,delivery
45,Kendra,Bryan,delivery
46,Tonya,Jones,car washing
47,George,Jones,home maintenance
48,Lisa,Sanchez,painting
49,Megan,Walters,painting
50,Brandi,Holder,delivery
51,Marcus,Pope,car washing
52,Stephanie,Baird,home maintenance
53,Marcus,Graham,gardening services
54,Vanessa,Padilla,plumbing
55,Daniel,Robinson,plumbing
56,Samantha,Blair,delivery
57,Elizabeth,Gibson,electrical help
58,John,Johnson,furniture assembly
59,Denise,Martin,shipping
60,Dominic,Ortiz,plumbing
61,Jill,Montoya,plumbing
62,Eileen,Pierce,delivery
63,Rebekah,Dominguez,home-made cooking
64,Kelly,Moore,gardening services
65,Sharon,Palmer,delivery
66,Michael,Harris,cleaning
67,Evan,Anderson,moving
68,Donna,Munoz,furniture assembly
69,Jeremy,Barnes,painting
70,Eric,Anderson,install air conditioner
71,Stephanie,Mitchell,shipping
72,Rachael,Anderson,shipping
73,Thomas,Zimmerman,electrical help
74,Tim,Petty,painting
75,Andrea,Arellano,shipping
76,Sarah,Johnson,home maintenance
77,Andrea,Diaz,shipping
78,Julie,Savage,install air conditioner
79,Richard,Jones,painting
80,Karen,Watkins,painting
81,Matthew,Moore,home maintenance
82,Edgar,Brown,install air conditioner
83,Sandy,Reyes,carpentry
84,Jeffrey,White,home-made cooking
85,Debra,Woods,home-made cooking
86,Amanda,Thompson,install air conditioner
87,Mary,Murray,delivery
88,Destiny,Thomas,install air conditioner
89,Jennifer,Williams,shipping
90,Maria,Gonzales,moving
91,Jonathan,Estrada,cleaning
92,Kimberly,Roberts,furniture assembly
93,Heather,Petty,cleaning
94,Michael,Lopez,furniture assembly
95,Catherine,Deleon,plumbing
96,Linda,Bennett,delivery
97,Heather,Gray,cleaning
98,Paula,Lopez,delivery
99,Lisa,Stein,cleaning
100,George,Collins,install air conditioner
